CRS,REGIAO_SAU,MUNICIPIOS,TOTAL_DOSES_LIBERADAS,TRAB_SAUDE_70,TRAB_SAUDE_70_VAC,INDIGENAS,INDIGENAS_VAC,MAIOR_60,MAIOR_60_VAC,IDOSOS_80e,IDOSOS_80e_VAC,META_1a_FASE,TOTAL_VAC,TOTAL_VAC_LOCALIZA
9 CRS,BAIXO AMAZONAS,FARO,153,152,152,0,0,0,0,96,92,248,244,231
9 CRS,BAIXO AMAZONAS,ORIXIMINA,2087,578,650,1519,1344,0,0,814,675,2911,2669,2086
9 CRS,BAIXO AMAZONAS,TERRA SANTA,193,172,172,0,0,0,0,241,176,413,348,326
9 CRS,BAIXO AMAZONAS,PRAINHA,207,215,215,0,0,0,0,287,204,502,419,426
9 CRS,BAIXO AMAZONAS,MOJUI DOS CAMPOS,118,126,115,0,0,0,0,261,199,387,314,0
9 CRS,BAIXO AMAZONAS,MONTE ALEGRE,389,382,365,0,0,0,0,951,712,1333,1077,801
9 CRS,TAPAJOS,TRAIRAO,223,137,133,93,84,0,0,107,45,337,262,167
9 CRS,TAPAJOS,NOVO PROGRESSO,919,209,227,0,0,0,0,96,9,305,236,226
9 CRS,BAIXO AMAZONAS,JURUTI,545,536,478,0,0,0,0,496,319,1032,797,138
9 CRS,BAIXO AMAZONAS,CURUA,94,85,85,0,0,0,0,125,77,210,162,165
11 CRS,CARAJAS,CANAA DOS CARAJAS,644,571,571,16,0,0,0,154,0,741,571,608
9 CRS,BAIXO AMAZONAS,PLACAS,209,195,188,0,0,0,0,150,61,345,249,146
9 CRS,TAPAJOS,RUROPOLIS,326,321,321,0,0,0,0,337,140,658,461,440
9 CRS,BAIXO AMAZONAS,ALENQUER,465,449,361,0,0,7,0,821,522,1277,883,839
4 CRS,RIO CAETES,SANTA LUZIA DO PARA,660,182,164,453,478,0,0,315,0,950,642,163
5 CRS,METROPOLITANA III,PARAGOMINAS,2216,1391,1343,612,470,18,18,690,0,2711,1831,1733
9 CRS,BAIXO AMAZONAS,ALMEIRIM,289,308,289,614,351,0,0,319,175,1241,815,467
11 CRS,LAGO TUCURUI,TUCURUI,1843,1451,1513,267,140,13,13,869,0,2600,1666,1296
6 CRS,TOCANTINS,BARCARENA,1638,1560,1531,0,0,0,1,952,0,2512,1532,1587
9 CRS,TAPAJOS,ITAITUBA,1671,1222,1138,672,209,29,26,1032,428,2955,1801,990
6 CRS,LAGO TUCURUI,TAILANDIA,600,619,619,0,0,0,0,453,0,1072,619,438
11 CRS,CARAJAS,PARAUAPEBAS,3329,2139,2270,1057,1,17,17,808,0,4021,2288,1579
5 CRS,METROPOLITANA III,IPIXUNA DO PARA,450,387,360,0,0,0,0,252,0,639,360,362
11 CRS,CARAJAS,BOM JESUS DO TOCANTINS,679,165,174,507,310,0,0,199,0,871,484,176
12 CRS,ARAGUAIA,REDENCAO,1299,1228,1215,50,0,13,38,969,0,2260,1253,1153
8 CRS,MARAJO II,BAGRE,187,182,182,0,0,0,0,153,0,335,182,195
9 CRS,BAIXO AMAZONAS,SANTAREM,9103,4562,3130,3756,1724,30,30,4070,1837,12418,6721,5115
11 CRS,CARAJAS,MARABA,3088,2773,2636,0,0,25,43,2173,0,4971,2679,3114
9 CRS,BAIXO AMAZONAS,OBIDOS,574,421,392,1259,385,0,0,734,494,2414,1271,798
12 CRS,ARAGUAIA,SANTANA DO ARAGUAIA,326,335,335,27,30,13,13,349,0,724,378,128
5 CRS,METROPOLITANA III,NOVA ESPERANCA DO PIRIA,138,138,138,0,0,0,0,129,0,267,138,137
10 CRS,XINGU,URUARA,354,351,351,0,0,0,0,344,0,695,351,223
8 CRS,MARAJO II,MELGACO,256,246,188,0,0,0,0,129,0,375,188,186
2 CRS,METROPOLITANA II,TOME-ACU,914,559,539,250,190,4,4,675,0,1488,733,412
8 CRS,MARAJO II,GURUPA,277,336,303,0,0,0,0,284,0,620,303,304
10 CRS,XINGU,PORTO DE MOZ,264,222,231,7,0,0,0,250,0,479,231,230
1 CRS,METROPOLITANA I,BELEM,39033,34279,16663,0,0,172,264,26178,11871,60629,28798,9342
1 CRS,METROPOLITANA I,ANANINDEUA,6700,6350,5497,0,0,11,11,5466,0,11827,5508,3149
6 CRS,TOCANTINS,ABAETETUBA,1595,1664,1664,0,0,0,0,1946,0,3610,1664,1325
13 CRS,TOCANTINS,OEIRAS DO PARA,246,243,243,0,0,0,0,285,0,528,243,145
11 CRS,CARAJAS,ABEL FIGUEIREDO,86,82,82,0,0,0,0,97,0,179,82,73
5 CRS,METROPOLITANA III,ULIANOPOLIS,502,498,355,0,0,0,0,281,0,779,355,355
4 CRS,RIO CAETES,BRAGANCA,1381,1310,1310,0,0,0,0,1579,0,2889,1310,1386
2 CRS,METROPOLITANA II,SANTA ISABEL DO PARA,679,660,614,0,0,0,45,794,0,1454,659,599
7 CRS,MARAJO I,SANTA CRUZ DO ARARI,84,110,94,0,0,0,0,98,0,208,94,94
7 CRS,MARAJO I,AFUA,322,331,300,0,0,0,0,335,0,666,300,299
11 CRS,LAGO TUCURUI,GOIANESIA DO PARA,321,280,231,42,37,0,0,276,0,598,268,144
1 CRS,METROPOLITANA I,SANTA BARBARA DO PARA,195,191,191,0,0,0,0,236,0,427,191,203
4 CRS,RIO CAETES,CAPANEMA,1466,1427,1115,0,0,19,19,1161,0,2607,1134,1019
11 CRS,CARAJAS,PICARRA,105,106,100,0,0,0,0,124,0,230,100,97
1 CRS,METROPOLITANA I,BENEVIDES,512,476,476,0,0,0,0,623,0,1099,476,496
11 CRS,CARAJAS,NOVA IPIXUNA,127,122,122,0,0,0,0,165,0,287,122,113
8 CRS,MARAJO II,ANAJAS,164,158,158,0,0,0,0,214,0,372,158,170
7 CRS,MARAJO I,CACHOEIRA DO ARARI,133,97,97,0,0,0,0,133,0,230,97,139
12 CRS,ARAGUAIA,CONCEICAO DO ARAGUAIA,895,854,715,0,0,10,0,836,0,1700,715,736
5 CRS,METROPOLITANA III,CAPITAO POCO,572,516,516,0,0,0,0,718,0,1234,516,960
13 CRS,TOCANTINS,LIMOEIRO DO AJURU,232,204,204,0,0,0,0,286,0,490,204,133
1 CRS,METROPOLITANA I,MARITUBA,1161,1290,900,0,0,43,41,929,0,2262,941,935
8 CRS,MARAJO II,BREVES,859,792,759,0,0,0,0,1039,0,1831,759,751
10 CRS,XINGU,MEDICILANDIA,189,171,171,0,0,7,7,254,0,432,178,200
8 CRS,MARAJO II,PORTEL,297,298,298,0,0,0,0,428,0,726,298,294
4 CRS,RIO CAETES,SALINOPOLIS,323,321,321,0,0,0,0,476,0,797,321,324
12 CRS,ARAGUAIA,XINGUARA,640,621,409,0,0,8,12,418,0,1047,421,479
11 CRS,CARAJAS,RONDON DO PARA,371,355,355,0,0,0,0,528,0,883,355,354
10 CRS,XINGU,VITORIA DO XINGU,539,243,238,221,0,0,0,128,0,592,238,420
7 CRS,MARAJO I,CHAVES,158,142,142,0,0,0,0,223,4,365,146,129
11 CRS,CARAJAS,ELDORADO DOS CARAJAS,193,187,187,0,0,0,0,283,0,470,187,193
4 CRS,RIO CAETES,SANTAREM NOVO,66,64,64,0,0,0,0,98,0,162,64,65
11 CRS,CARAJAS,PALESTINA DO PARA,78,73,73,0,0,0,0,112,0,185,73,81
12 CRS,ARAGUAIA,AGUA AZUL DO NORTE,177,201,125,0,0,0,0,117,0,318,125,129
11 CRS,CARAJAS,BREJO GRANDE DO ARAGUAIA,76,71,71,0,0,0,0,110,0,181,71,83
4 CRS,RIO CAETES,BONITO,108,95,95,0,0,0,0,149,0,244,95,85
4 CRS,RIO CAETES,AUGUSTO CORREA,308,303,296,0,0,0,0,463,0,766,296,289
3 CRS,METROPOLITANA III,MARAPANIM,383,368,368,0,0,0,0,590,0,958,368,381
4 CRS,RIO CAETES,VISEU,451,454,420,0,0,0,0,641,0,1095,420,310
5 CRS,METROPOLITANA III,MAE DO RIO,314,257,257,0,0,0,0,418,0,675,257,267
3 CRS,METROPOLITANA III,SAO FRANCISCO DO PARA,184,179,179,0,0,0,0,292,0,471,179,189
2 CRS,METROPOLITANA II,CONCORDIA DO PARA,220,211,211,0,0,0,0,345,0,556,211,213
3 CRS,METROPOLITANA III,SAO DOMINGOS DO CAPIM,237,213,213,0,0,0,0,349,0,562,213,243
5 CRS,METROPOLITANA III,AURORA DO PARA,193,201,191,28,0,0,0,279,0,508,191,191
13 CRS,TOCANTINS,CAMETA,1107,1055,1027,0,0,0,0,1696,0,2751,1027,664
8 CRS,MARAJO II,CURRALINHO,151,167,167,0,0,0,0,281,0,448,167,184
3 CRS,METROPOLITANA III,INHANGAPI,100,89,89,0,0,0,0,152,0,241,89,101
5 CRS,METROPOLITANA III,SAO MIGUEL DO GUAMA,436,457,444,0,0,0,0,747,0,1204,444,439
6 CRS,TOCANTINS,IGARAPE-MIRI,476,466,466,0,0,0,0,814,0,1280,466,424
3 CRS,METROPOLITANA III,CASTANHAL,2481,2464,1732,0,0,38,0,2282,0,4784,1732,1735
12 CRS,ARAGUAIA,OURILANDIA DO NORTE,593,562,597,929,0,4,4,166,0,1661,601,219
5 CRS,METROPOLITANA III,SANTA MARIA DO PARA,564,272,201,287,151,0,0,424,0,983,352,338
6 CRS,TOCANTINS,MOJU,420,307,307,87,66,0,0,668,0,1062,373,199
11 CRS,LAGO TUCURUI,JACUNDA,370,288,310,42,0,0,0,556,0,886,310,292
9 CRS,BAIXO AMAZONAS,BELTERRA,459,153,124,307,0,0,0,312,144,772,268,66
11 CRS,CARAJAS,SAO GERALDO DO ARAGUAIA,491,216,119,235,158,0,0,351,0,802,277,101
11 CRS,LAGO TUCURUI,BREU BRANCO,328,284,284,0,0,5,5,549,0,838,289,286
7 CRS,MARAJO I,SAO SEBASTIAO DA BOA VISTA,196,216,180,0,0,0,0,307,0,523,180,184
4 CRS,RIO CAETES,TRACUATEUA,292,342,260,0,0,0,0,414,0,756,260,256
10 CRS,XINGU,ALTAMIRA,4467,2017,1853,3294,380,0,0,1241,0,6552,2233,1954
2 CRS,METROPOLITANA II,SANTO ANTONIO DO TAUA,217,209,193,0,0,0,0,363,0,572,193,170
7 CRS,MARAJO I,MUANA,192,182,182,0,0,0,0,360,0,542,182,200
3 CRS,METROPOLITANA III,SAO JOAO DA PONTA,56,51,51,0,0,0,0,103,0,154,51,57
7 CRS,MARAJO I,PONTA DE PEDRAS,174,164,164,0,0,0,0,352,0,516,164,184
3 CRS,METROPOLITANA III,TERRA ALTA,89,85,85,0,0,0,0,184,0,269,85,95
2 CRS,METROPOLITANA II,COLARES,115,111,111,0,0,0,0,246,0,357,111,109
11 CRS,CARAJAS,SAO DOMINGOS DO ARAGUAIA,229,193,211,26,0,0,0,461,0,680,211,211
5 CRS,METROPOLITANA III,IRITUIA,236,272,249,0,0,0,0,534,0,806,249,207
5 CRS,METROPOLITANA III,GARRAFAO DO NORTE,387,506,243,0,0,0,0,296,0,802,243,252
4 CRS,RIO CAETES,QUATIPURU,90,99,96,0,0,0,0,218,0,317,96,98
3 CRS,METROPOLITANA III,IGARAPE-ACU,347,334,286,0,0,0,0,614,0,948,286,286
2 CRS,METROPOLITANA II,SAO CAETANO DE ODIVELAS,118,127,127,0,0,0,0,294,0,421,127,122
4 CRS,RIO CAETES,NOVA TIMBOTEUA,146,130,130,0,0,0,0,301,0,431,130,28
4 CRS,RIO CAETES,PRIMAVERA,138,104,104,0,0,0,0,242,0,346,104,143
2 CRS,METROPOLITANA II,ACARA,330,315,256,0,0,0,2,551,0,866,258,267
3 CRS,METROPOLITANA III,MAGALHAES BARATA,70,69,68,0,0,0,0,160,0,229,68,68
10 CRS,XINGU,PACAJA,286,242,183,0,0,0,0,377,0,619,183,164
11 CRS,CARAJAS,SAO JOAO DO ARAGUAIA,164,161,102,0,0,0,0,185,0,346,102,100
11 CRS,LAGO TUCURUI,NOVO REPARTIMENTO,1213,608,466,443,0,0,0,536,0,1587,466,393
2 CRS,METROPOLITANA II,BUJARU,143,133,133,0,0,0,0,323,0,456,133,152
3 CRS,METROPOLITANA III,CURUCA,329,309,309,0,0,0,0,753,0,1062,309,336
12 CRS,ARAGUAIA,RIO MARIA,226,218,128,0,0,0,0,222,0,440,128,143
5 CRS,CARAJAS,DOM ELISEU,455,514,269,0,0,0,0,415,0,929,269,259
10 CRS,XINGU,SENADOR JOSE PORFIRIO,670,115,123,254,0,0,0,61,0,430,123,88
4 CRS,RIO CAETES,OUREM,126,113,113,0,0,0,0,283,0,396,113,65
3 CRS,METROPOLITANA III,MARACANA,224,218,218,0,0,0,0,548,0,766,218,166
4 CRS,RIO CAETES,SAO JOAO DE PIRABAS,168,160,160,0,0,0,0,404,0,564,160,169
11 CRS,CARAJAS,ITUPIRANGA,718,311,291,283,0,13,12,470,0,1077,303,259
12 CRS,ARAGUAIA,BANNACH,66,64,56,90,0,0,0,46,0,200,56,24
4 CRS,RIO CAETES,PEIXE-BOI,68,69,69,0,0,0,0,178,0,247,69,0
11 CRS,CARAJAS,CURIONOPOLIS,166,159,126,0,0,0,5,323,0,482,131,76
7 CRS,MARAJO I,SALVATERRA,117,116,116,0,0,0,0,321,2,437,118,130
10 CRS,XINGU,BRASIL NOVO,161,158,100,0,0,0,0,226,0,384,100,94
13 CRS,TOCANTINS,BAIAO,293,285,188,39,0,0,0,398,0,722,188,188
13 CRS,TOCANTINS,MOCAJUBA,238,214,176,0,0,0,0,463,0,677,176,190
4 CRS,RIO CAETES,CACHOEIRA DO PIRIA,172,190,140,0,0,0,0,355,0,545,140,117
12 CRS,ARAGUAIA,FLORESTA DO ARAGUAIA,234,230,102,0,0,0,0,199,0,429,102,124
2 CRS,METROPOLITANA II,VIGIA,416,427,274,0,0,0,0,750,0,1177,274,126
12 CRS,ARAGUAIA,SAO FELIX DO XINGU,627,603,443,1046,0,19,17,330,0,1998,460,234
12 CRS,ARAGUAIA,SANTA MARIA DAS BARREIRAS,240,225,96,36,0,0,0,209,0,470,96,114
12 CRS,ARAGUAIA,TUCUMA,615,584,174,0,0,0,0,301,0,885,174,156
7 CRS,MARAJO I,SOURE,145,194,109,0,0,0,0,373,0,567,109,139
12 CRS,ARAGUAIA,SAPUCAIA,82,82,27,0,0,15,0,48,0,145,27,46
9 CRS,TAPAJOS,AVEIRO,420,105,110,490,0,0,0,220,40,815,150,142
10 CRS,XINGU,ANAPU,1112,223,138,386,0,0,0,162,0,771,138,138
9 CRS,TAPAJOS,JACAREACANGA,4888,187,80,4964,680,0,0,34,3,5185,763,183
12 CRS,ARAGUAIA,CUMARU DO NORTE,115,124,134,816,0,0,0,35,0,975,134,42
12 CRS,ARAGUAIA,PAU D ARCO,104,99,45,188,0,0,0,73,0,360,45,48
